scenario,method,n,truth_hard_violation_rate,target_hard_success_rate,intervention_rate,qp_infeasible_rate
capability_dwell,DG-QP,10,0.09333333333333334,1.0,1.23,0.0
capability_dwell,JointHeuristic,10,0.18,1.0,0.5133333333333333,0.0
capability_dwell,NoShield,10,0.5866666666666667,0.0,0.0,0.0
capability_dwell,PartialShield,10,0.18,1.0,0.5133333333333333,0.0
communication_intent,DG-QP,10,0.0,1.0,1.4166666666666665,0.0
communication_intent,JointHeuristic,10,0.6,0.0,0.0,0.0
communication_intent,NoShield,10,0.6,0.0,0.0,0.0
communication_intent,PartialShield,10,0.6,0.0,0.0,0.0
coverage_resource,DG-QP,10,0.11666666666666667,0.1,1.3433333333333333,0.0
coverage_resource,JointHeuristic,10,0.18333333333333332,0.0,0.69,0.0
coverage_resource,NoShield,10,0.8,0.0,0.0,0.0
coverage_resource,PartialShield,10,0.18333333333333332,0.0,0.69,0.0
deadline_information,DG-QP,10,0.0,1.0,1.5133333333333332,0.0
deadline_information,JointHeuristic,10,0.08666666666666667,1.0,1.0,0.0
deadline_information,NoShield,10,1.0,0.0,0.0,0.0
deadline_information,PartialShield,10,0.08666666666666667,1.0,1.0,0.0
dual_support,DG-QP,10,0.0,1.0,1.5066666666666666,0.0
dual_support,JointHeuristic,10,0.08666666666666667,1.0,0.006666666666666666,0.0
dual_support,NoShield,10,0.08666666666666667,1.0,0.0,0.0
dual_support,PartialShield,10,0.08666666666666667,1.0,0.006666666666666666,0.0
mission_recovery,DG-QP,10,0.043333333333333335,1.0,1.42,0.16666666666666669
mission_recovery,JointHeuristic,10,0.18,1.0,0.5133333333333333,0.0
mission_recovery,NoShield,10,0.5866666666666667,0.0,0.0,0.0
mission_recovery,PartialShield,10,0.18,1.0,0.5133333333333333,0.0
risk_continuity,DG-QP,10,0.0,1.0,1.53,0.0
risk_continuity,JointHeuristic,10,0.5933333333333334,1.0,0.09,0.0
risk_continuity,NoShield,10,0.6,1.0,0.0,0.0
risk_continuity,PartialShield,10,0.5933333333333334,1.0,0.04666666666666667,0.0
support_separation,DG-QP,10,0.13333333333333333,0.0,2.1733333333333333,0.22000000000000003
support_separation,JointHeuristic,10,0.21666666666666665,0.0,0.7333333333333333,0.0
support_separation,NoShield,10,0.22000000000000003,0.0,0.0,0.0
support_separation,PartialShield,10,0.22000000000000003,0.0,0.25,0.0
